,Départements,Candidats,Votes
0,Ain,Blancs et nuls,2.2810102739726026
1,Allier,Blancs et nuls,3.0623893805309734
2,Alpes-de-Haute-Provence,Blancs et nuls,2.215763358778626
3,Ardennes,Blancs et nuls,2.260339892665474
4,Ardèche,Blancs et nuls,2.4207990867579907
5,Ariège,Blancs et nuls,2.4665873015873014
6,Aube,Blancs et nuls,2.5391947565543074
7,Aude,Blancs et nuls,2.326569965870307
8,Aveyron,Blancs et nuls,2.8131278538812787
9,Bas-Rhin,Blancs et nuls,2.1596610169491526
10,Bouches-du-Rhône,Blancs et nuls,1.8669158878504675
11,Calvados,Blancs et nuls,2.1473101952277656
12,Cantal,Blancs et nuls,2.9821160409556313
13,Charente,Blancs et nuls,2.70721568627451
14,Charente-Maritime,Blancs et nuls,2.293602564102564
15,Cher,Blancs et nuls,2.589816933638444
16,Corrèze,Blancs et nuls,2.8448958333333336
17,Creuse,Blancs et nuls,3.320539568345324
18,Côte-d'Or,Blancs et nuls,2.308557268722467
19,Côtes-d'Armor,Blancs et nuls,2.4305801526717556
20,Doubs,Blancs et nuls,2.846129458388375
21,Drôme,Blancs et nuls,2.2065210084033615
22,Essonne,Blancs et nuls,2.096696629213483
23,Eure,Blancs et nuls,2.1646211180124224
24,Eure-et-Loir,Blancs et nuls,2.2110288808664262
25,Finistère,Blancs et nuls,2.25890625
26,Français établis hors de France,Blancs et nuls,1.5004807692307693
27,Gard,Blancs et nuls,2.0693156424581005
28,Gers,Blancs et nuls,2.390157170923379
29,Gironde,Blancs et nuls,2.02046975088968
30,Guadeloupe,Blancs et nuls,4.844309523809524
31,Guyane,Blancs et nuls,3.826240601503759
32,Haut-Rhin,Blancs et nuls,2.300160116448326
33,Haute-Corse,Blancs et nuls,3.465292307692308
34,Haute-Loire,Blancs et nuls,2.8150925925925927
35,Haute-Marne,Blancs et nuls,2.624733096085409
36,Haute-Savoie,Blancs et nuls,2.170419254658385
37,Haute-Saône,Blancs et nuls,3.020244299674267
38,Haute-Vienne,Blancs et nuls,3.056825396825397
39,Hautes-Alpes,Blancs et nuls,2.298495145631068
40,Hautes-Pyrénées,Blancs et nuls,2.446064400715563
41,Hauts-de-Seine,Blancs et nuls,1.856066212268744
42,Hérault,Blancs et nuls,2.034931071049841
43,Ille-et-Vilaine,Blancs et nuls,2.3210682819383264
44,Indre,Blancs et nuls,3.0159202453987732
45,Indre-et-Loire,Blancs et nuls,2.51650623885918
46,Jura,Blancs et nuls,2.7792869875222816
47,La Réunion,Blancs et nuls,4.619913978494624
48,Landes,Blancs et nuls,2.223242718446602
49,Loir-et-Cher,Blancs et nuls,2.5338874680306906
50,Loiret,Blancs et nuls,2.2975
51,Lot,Blancs et nuls,2.578740157480315
52,Lot-et-Garonne,Blancs et nuls,2.347216035634744
53,Lozère,Blancs et nuls,2.332287234042553
54,Maine-et-Loire,Blancs et nuls,2.5321613832853025
55,Manche,Blancs et nuls,2.4086962552011095
56,Marne,Blancs et nuls,2.1810488676996425
57,Martinique,Blancs et nuls,5.994879518072289
58,Mayenne,Blancs et nuls,3.0427247191011237
59,Mayotte,Blancs et nuls,6.21032967032967
60,Meurthe-et-Moselle,Blancs et nuls,2.1715401069518716
61,Meuse,Blancs et nuls,2.345017361111111
62,Morbihan,Blancs et nuls,2.386599423631124
63,Moselle,Blancs et nuls,2.2031171874999997
64,Nièvre,Blancs et nuls,2.579494680851064
65,Nord,Blancs et nuls,1.9827922077922078
66,Nouvelle-Calédonie,Blancs et nuls,4.434440677966102
67,Orne,Blancs et nuls,2.3734528301886795
68,Puy-de-Dôme,Blancs et nuls,2.785209176788124
69,Pyrénées-Atlantiques,Blancs et nuls,2.1707272727272726
70,Pyrénées-Orientales,Blancs et nuls,2.1947708333333336
71,Rhône,Blancs et nuls,1.8758618071374333
72,Saint-Martin/Saint-Barthélemy,Blancs et nuls,2.9033333333333338
73,Saint-Pierre-et-Miquelon,Blancs et nuls,2.515
74,Sarthe,Blancs et nuls,2.9564026402640264
75,Savoie,Blancs et nuls,2.21734309623431
76,Saône-et-Loire,Blancs et nuls,2.847896138482024
77,Seine-Maritime,Blancs et nuls,2.229584261321455
78,Seine-Saint-Denis,Blancs et nuls,2.0289768574908646
79,Tarn,Blancs et nuls,2.465865580448065
80,Tarn-et-Garonne,Blancs et nuls,2.2380677966101694
81,Territoire de Belfort,Blancs et nuls,2.651523178807947
82,Val-d'Oise,Blancs et nuls,2.119111111111111
83,Val-de-Marne,Blancs et nuls,1.9840248447204971
84,Var,Blancs et nuls,1.8287243243243243
85,Vaucluse,Blancs et nuls,2.024063116370809
86,Vendée,Blancs et nuls,2.6194967532467532
87,Vienne,Blancs et nuls,2.630131868131868
88,Wallis et Futuna,Blancs et nuls,0.82
89,Yonne,Blancs et nuls,2.309878472222222
90,Yvelines,Blancs et nuls,1.7984592445328031
91,Ain,Blancs_nuls et abstentions,31.435753424657534
92,Allier,Blancs_nuls et abstentions,36.14444690265486
93,Alpes-de-Haute-Provence,Blancs_nuls et abstentions,31.079351145038167
94,Ardennes,Blancs_nuls et abstentions,34.61386404293381
95,Ardèche,Blancs_nuls et abstentions,28.965730593607304
96,Ariège,Blancs_nuls et abstentions,27.62743386243386
97,Aube,Blancs_nuls et abstentions,33.60198501872659
98,Aude,Blancs_nuls et abstentions,31.33145051194539
99,Aveyron,Blancs_nuls et abstentions,27.73931506849315
100,Bas-Rhin,Blancs_nuls et abstentions,34.41609172482552
101,Bouches-du-Rhône,Blancs_nuls et abstentions,42.26998562185478
102,Calvados,Blancs_nuls et abstentions,33.83290672451193
103,Cantal,Blancs_nuls et abstentions,30.61163822525597
104,Charente,Blancs_nuls et abstentions,33.260666666666665
105,Charente-Maritime,Blancs_nuls et abstentions,59.97430769230769
106,Cher,Blancs_nuls et abstentions,54.234370709382155
107,Corrèze,Blancs_nuls et abstentions,36.981145833333336
108,Creuse,Blancs_nuls et abstentions,34.93719424460432
109,Côte-d'Or,Blancs_nuls et abstentions,29.79325991189427
110,Côtes-d'Armor,Blancs_nuls et abstentions,28.826717557251907
111,Doubs,Blancs_nuls et abstentions,30.10290620871863
112,Drôme,Blancs_nuls et abstentions,28.837865546218485
113,Essonne,Blancs_nuls et abstentions,50.546101123595506
114,Eure,Blancs_nuls et abstentions,33.088223602484476
115,Eure-et-Loir,Blancs_nuls et abstentions,39.02628158844765
116,Finistère,Blancs_nuls et abstentions,32.44143028846154
117,Français établis hors de France,Blancs_nuls et abstentions,373.0835576923077
118,Gard,Blancs_nuls et abstentions,33.2343156424581
119,Gers,Blancs_nuls et abstentions,24.598251473477408
120,Gironde,Blancs_nuls et abstentions,37.38664056939502
121,Guadeloupe,Blancs_nuls et abstentions,141.12571428571428
122,Guyane,Blancs_nuls et abstentions,243.98864661654133
123,Haut-Rhin,Blancs_nuls et abstentions,40.607583697234354
124,Haute-Corse,Blancs_nuls et abstentions,70.1852
125,Haute-Loire,Blancs_nuls et abstentions,29.46111111111111
126,Haute-Marne,Blancs_nuls et abstentions,32.31243772241993
127,Haute-Savoie,Blancs_nuls et abstentions,35.518136645962734
128,Haute-Saône,Blancs_nuls et abstentions,29.65732899022801
129,Haute-Vienne,Blancs_nuls et abstentions,34.23902116402117
130,Hautes-Alpes,Blancs_nuls et abstentions,28.052524271844657
131,Hautes-Pyrénées,Blancs_nuls et abstentions,28.201771019678
132,Hauts-de-Seine,Blancs_nuls et abstentions,29.51956183057449
133,Hérault,Blancs_nuls et abstentions,35.468398727465534
134,Ille-et-Vilaine,Blancs_nuls et abstentions,30.027103524229076
135,Indre,Blancs_nuls et abstentions,65.75674846625768
136,Indre-et-Loire,Blancs_nuls et abstentions,34.88344028520499
137,Jura,Blancs_nuls et abstentions,28.0601247771836
138,La Réunion,Blancs_nuls et abstentions,109.7765376344086
139,Landes,Blancs_nuls et abstentions,26.622563106796118
140,Loir-et-Cher,Blancs_nuls et abstentions,42.90616368286445
141,Loiret,Blancs_nuls et abstentions,37.140316265060235
142,Lot,Blancs_nuls et abstentions,25.18230971128609
143,Lot-et-Garonne,Blancs_nuls et abstentions,29.089955456570156
144,Lozère,Blancs_nuls et abstentions,26.16622340425532
145,Maine-et-Loire,Blancs_nuls et abstentions,34.13093659942363
146,Manche,Blancs_nuls et abstentions,34.19299583911235
147,Marne,Blancs_nuls et abstentions,37.945625744934446
148,Martinique,Blancs_nuls et abstentions,155.97225903614458
149,Mayenne,Blancs_nuls et abstentions,38.86775280898876
150,Mayotte,Blancs_nuls et abstentions,169.73835164835165
151,Meurthe-et-Moselle,Blancs_nuls et abstentions,35.75248128342246
152,Meuse,Blancs_nuls et abstentions,32.65302083333333
153,Morbihan,Blancs_nuls et abstentions,30.48893371757925
154,Moselle,Blancs_nuls et abstentions,40.195687500000005
155,Nièvre,Blancs_nuls et abstentions,37.39031914893617
156,Nord,Blancs_nuls et abstentions,42.85092407592408
157,Nouvelle-Calédonie,Blancs_nuls et abstentions,808.7666101694915
158,Orne,Blancs_nuls et abstentions,33.44843396226415
159,Puy-de-Dôme,Blancs_nuls et abstentions,31.232105263157898
160,Pyrénées-Atlantiques,Blancs_nuls et abstentions,28.897829545454545
161,Pyrénées-Orientales,Blancs_nuls et abstentions,34.8713125
162,Rhône,Blancs_nuls et abstentions,32.288063781321185
163,Saint-Martin/Saint-Barthélemy,Blancs_nuls et abstentions,214.05625
164,Saint-Pierre-et-Miquelon,Blancs_nuls et abstentions,92.6875
165,Sarthe,Blancs_nuls et abstentions,37.57504950495049
166,Savoie,Blancs_nuls et abstentions,29.509100418410043
167,Saône-et-Loire,Blancs_nuls et abstentions,32.58741677762983
168,Seine-Maritime,Blancs_nuls et abstentions,39.384380103934674
169,Seine-Saint-Denis,Blancs_nuls et abstentions,50.61695493300852
170,Tarn,Blancs_nuls et abstentions,36.3532382892057
171,Tarn-et-Garonne,Blancs_nuls et abstentions,29.33742372881356
172,Territoire de Belfort,Blancs_nuls et abstentions,42.47443708609272
173,Val-d'Oise,Blancs_nuls et abstentions,38.4632962962963
174,Val-de-Marne,Blancs_nuls et abstentions,43.93264596273292
175,Var,Blancs_nuls et abstentions,38.43368648648649
176,Vaucluse,Blancs_nuls et abstentions,38.16357001972386
177,Vendée,Blancs_nuls et abstentions,31.958474025974024
178,Vienne,Blancs_nuls et abstentions,33.03206593406593
179,Wallis et Futuna,Blancs_nuls et abstentions,77.79
180,Yonne,Blancs_nuls et abstentions,40.76977430555556
181,Yvelines,Blancs_nuls et abstentions,32.30817097415507
182,Ain,Nathalie ARTHAUD,0.5111643835616438
183,Allier,Nathalie ARTHAUD,0.7306858407079646
184,Alpes-de-Haute-Provence,Nathalie ARTHAUD,0.5223664122137405
185,Ardennes,Nathalie ARTHAUD,0.8017710196779965
186,Ardèche,Nathalie ARTHAUD,0.6408904109589041
187,Ariège,Nathalie ARTHAUD,0.4451322751322751
188,Aube,Nathalie ARTHAUD,0.6615730337078652
189,Aude,Nathalie ARTHAUD,0.46054607508532425
190,Aveyron,Nathalie ARTHAUD,0.5431278538812786
191,Bas-Rhin,Nathalie ARTHAUD,0.6745563310069791
192,Bouches-du-Rhône,Nathalie ARTHAUD,0.3576060388209921
193,Calvados,Nathalie ARTHAUD,0.7064967462039046
194,Cantal,Nathalie ARTHAUD,0.6000341296928328
195,Charente,Nathalie ARTHAUD,0.699156862745098
196,Charente-Maritime,Nathalie ARTHAUD,0.6294230769230769
197,Cher,Nathalie ARTHAUD,0.8077574370709383
198,Corrèze,Nathalie ARTHAUD,0.6209635416666667
199,Creuse,Nathalie ARTHAUD,0.7271223021582734
200,Côte-d'Or,Nathalie ARTHAUD,0.6824118942731278
201,Côtes-d'Armor,Nathalie ARTHAUD,0.7470076335877863
202,Doubs,Nathalie ARTHAUD,0.7263143989431969
203,Drôme,Nathalie ARTHAUD,0.6640504201680673
204,Essonne,Nathalie ARTHAUD,0.48258426966292134
205,Eure,Nathalie ARTHAUD,0.6742732919254658
206,Eure-et-Loir,Nathalie ARTHAUD,0.6353068592057761
207,Finistère,Nathalie ARTHAUD,0.6713942307692308
208,Français établis hors de France,Nathalie ARTHAUD,0.26105769230769227
209,Gard,Nathalie ARTHAUD,0.47844972067039104
210,Gers,Nathalie ARTHAUD,0.4660707269155206
211,Gironde,Nathalie ARTHAUD,0.4338078291814947
212,Guadeloupe,Nathalie ARTHAUD,0.842452380952381
213,Guyane,Nathalie ARTHAUD,1.0294736842105265
214,Haut-Rhin,Nathalie ARTHAUD,0.6015720524017467
215,Haute-Corse,Nathalie ARTHAUD,0.34055384615384615
216,Haute-Loire,Nathalie ARTHAUD,0.7255864197530865
217,Haute-Marne,Nathalie ARTHAUD,0.7472241992882562
218,Haute-Savoie,Nathalie ARTHAUD,0.4471739130434783
219,Haute-Saône,Nathalie ARTHAUD,0.8737785016286646
220,Haute-Vienne,Nathalie ARTHAUD,0.7414550264550264
221,Hautes-Alpes,Nathalie ARTHAUD,0.6026699029126213
222,Hautes-Pyrénées,Nathalie ARTHAUD,0.4821466905187835
223,Hauts-de-Seine,Nathalie ARTHAUD,0.3100389483933788
224,Hérault,Nathalie ARTHAUD,0.4197879109225875
225,Ille-et-Vilaine,Nathalie ARTHAUD,0.6552753303964758
226,Indre,Nathalie ARTHAUD,0.9362883435582823
227,Indre-et-Loire,Nathalie ARTHAUD,0.708270944741533
228,Jura,Nathalie ARTHAUD,0.7073262032085561
229,La Réunion,Nathalie ARTHAUD,1.0489462365591398
230,Landes,Nathalie ARTHAUD,0.42415533980582526
231,Loir-et-Cher,Nathalie ARTHAUD,0.8155754475703324
232,Loiret,Nathalie ARTHAUD,0.5942620481927711
233,Lot,Nathalie ARTHAUD,0.5634383202099738
234,Lot-et-Garonne,Nathalie ARTHAUD,0.4946102449888642
235,Lozère,Nathalie ARTHAUD,0.524468085106383
236,Maine-et-Loire,Nathalie ARTHAUD,0.703342939481268
237,Manche,Nathalie ARTHAUD,0.8207905686546463
238,Marne,Nathalie ARTHAUD,0.6140762812872468
239,Martinique,Nathalie ARTHAUD,1.224186746987952
240,Mayenne,Nathalie ARTHAUD,0.7517696629213483
241,Mayotte,Nathalie ARTHAUD,1.2976373626373625
242,Meurthe-et-Moselle,Nathalie ARTHAUD,0.7315828877005347
243,Meuse,Nathalie ARTHAUD,0.7130729166666667
244,Morbihan,Nathalie ARTHAUD,0.6536023054755044
245,Moselle,Nathalie ARTHAUD,0.6991953125
246,Nièvre,Nathalie ARTHAUD,0.7241223404255319
247,Nord,Nathalie ARTHAUD,0.6156093906093907
248,Nouvelle-Calédonie,Nathalie ARTHAUD,1.2281694915254238
249,Orne,Nathalie ARTHAUD,0.7378679245283019
250,Puy-de-Dôme,Nathalie ARTHAUD,0.7558974358974359
251,Pyrénées-Atlantiques,Nathalie ARTHAUD,0.44059090909090914
252,Pyrénées-Orientales,Nathalie ARTHAUD,0.5333958333333334
253,Rhône,Nathalie ARTHAUD,0.42874715261958996
254,Saint-Martin/Saint-Barthélemy,Nathalie ARTHAUD,0.5525
255,Saint-Pierre-et-Miquelon,Nathalie ARTHAUD,0.7374999999999999
256,Sarthe,Nathalie ARTHAUD,0.7152640264026402
257,Savoie,Nathalie ARTHAUD,0.5103556485355648
258,Saône-et-Loire,Nathalie ARTHAUD,0.6977363515312917
259,Seine-Maritime,Nathalie ARTHAUD,0.7152783964365256
260,Seine-Saint-Denis,Nathalie ARTHAUD,0.4996833130328867
261,Tarn,Nathalie ARTHAUD,0.5056619144602852
262,Tarn-et-Garonne,Nathalie ARTHAUD,0.43508474576271183
263,Territoire de Belfort,Nathalie ARTHAUD,0.8388079470198675
264,Val-d'Oise,Nathalie ARTHAUD,0.45628395061728394
265,Val-de-Marne,Nathalie ARTHAUD,0.43626086956521737
266,Var,Nathalie ARTHAUD,0.35262702702702703
267,Vaucluse,Nathalie ARTHAUD,0.40767258382642996
268,Vendée,Nathalie ARTHAUD,0.6307467532467533
269,Vienne,Nathalie ARTHAUD,0.7601758241758242
270,Wallis et Futuna,Nathalie ARTHAUD,1.83
271,Yonne,Nathalie ARTHAUD,0.7313020833333334
272,Yvelines,Nathalie ARTHAUD,0.39351888667992047
273,Ain,Fabien ROUSSEL,1.8777397260273971
274,Allier,Fabien ROUSSEL,4.566681415929203
275,Alpes-de-Haute-Provence,Fabien ROUSSEL,2.89412213740458
276,Ardennes,Fabien ROUSSEL,1.9977817531305904
277,Ardèche,Fabien ROUSSEL,3.0142465753424657
278,Ariège,Fabien ROUSSEL,2.9603968253968254
279,Aube,Fabien ROUSSEL,1.90561797752809
280,Aude,Fabien ROUSSEL,2.7686348122866895
281,Aveyron,Fabien ROUSSEL,2.6150228310502284
282,Bas-Rhin,Fabien ROUSSEL,1.2063409770687936
283,Bouches-du-Rhône,Fabien ROUSSEL,2.4232207045291156
284,Calvados,Fabien ROUSSEL,2.15472885032538
285,Cantal,Fabien ROUSSEL,2.553924914675768
286,Charente,Fabien ROUSSEL,2.814529411764706
287,Charente-Maritime,Fabien ROUSSEL,2.5669871794871795
288,Cher,Fabien ROUSSEL,3.444805491990847
289,Corrèze,Fabien ROUSSEL,4.886666666666667
290,Creuse,Fabien ROUSSEL,3.570035971223022
291,Côte-d'Or,Fabien ROUSSEL,2.100748898678414
292,Côtes-d'Armor,Fabien ROUSSEL,3.164885496183206
293,Doubs,Fabien ROUSSEL,1.7682959048877145
294,Drôme,Fabien ROUSSEL,2.5185210084033613
295,Essonne,Fabien ROUSSEL,2.2776966292134833
296,Eure,Fabien ROUSSEL,2.091192546583851
297,Eure-et-Loir,Fabien ROUSSEL,1.8745306859205777
298,Finistère,Fabien ROUSSEL,2.85453125
299,Français établis hors de France,Fabien ROUSSEL,0.8016826923076923
300,Gard,Fabien ROUSSEL,3.284776536312849
301,Gers,Fabien ROUSSEL,2.767681728880157
302,Gironde,Fabien ROUSSEL,2.413096085409253
303,Guadeloupe,Fabien ROUSSEL,0.4868095238095238
304,Guyane,Fabien ROUSSEL,0.6799248120300753
305,Haut-Rhin,Fabien ROUSSEL,1.1846724890829694
306,Haute-Corse,Fabien ROUSSEL,3.908369230769231
307,Haute-Loire,Fabien ROUSSEL,2.5835185185185185
308,Haute-Marne,Fabien ROUSSEL,1.8345195729537367
309,Haute-Savoie,Fabien ROUSSEL,1.4234937888198758
310,Haute-Saône,Fabien ROUSSEL,2.017703583061889
311,Haute-Vienne,Fabien ROUSSEL,4.071349206349207
312,Hautes-Alpes,Fabien ROUSSEL,2.4301456310679614
313,Hautes-Pyrénées,Fabien ROUSSEL,3.326618962432916
314,Hauts-de-Seine,Fabien ROUSSEL,1.7457156767283348
315,Hérault,Fabien ROUSSEL,2.270307529162248
316,Ille-et-Vilaine,Fabien ROUSSEL,2.1430726872246697
317,Indre,Fabien ROUSSEL,3.025153374233129
318,Indre-et-Loire,Fabien ROUSSEL,2.4127629233511585
319,Jura,Fabien ROUSSEL,2.146399286987522
320,La Réunion,Fabien ROUSSEL,0.8947849462365591
321,Landes,Fabien ROUSSEL,3.2798252427184464
322,Loir-et-Cher,Fabien ROUSSEL,2.4576470588235297
323,Loiret,Fabien ROUSSEL,2.213433734939759
324,Lot,Fabien ROUSSEL,3.1818897637795276
325,Lot-et-Garonne,Fabien ROUSSEL,2.664097995545657
326,Lozère,Fabien ROUSSEL,2.8913297872340427
327,Maine-et-Loire,Fabien ROUSSEL,1.8830691642651296
328,Manche,Fabien ROUSSEL,2.4094174757281555
329,Marne,Fabien ROUSSEL,1.7670560190703217
330,Martinique,Fabien ROUSSEL,0.6121385542168675
331,Mayenne,Fabien ROUSSEL,1.8933426966292135
332,Mayotte,Fabien ROUSSEL,0.5814835164835165
333,Meurthe-et-Moselle,Fabien ROUSSEL,2.1915614973262034
334,Meuse,Fabien ROUSSEL,1.8539756944444445
335,Morbihan,Fabien ROUSSEL,2.4678530259365994
336,Moselle,Fabien ROUSSEL,1.6070390625000002
337,Nièvre,Fabien ROUSSEL,3.515771276595745
338,Nord,Fabien ROUSSEL,3.6340359640359643
339,Nouvelle-Calédonie,Fabien ROUSSEL,0.6193898305084746
340,Orne,Fabien ROUSSEL,2.0547735849056603
341,Puy-de-Dôme,Fabien ROUSSEL,3.8344129554655875
342,Pyrénées-Atlantiques,Fabien ROUSSEL,2.594227272727273
343,Pyrénées-Orientales,Fabien ROUSSEL,2.7828541666666666
344,Rhône,Fabien ROUSSEL,1.7792103264996202
345,Saint-Martin/Saint-Barthélemy,Fabien ROUSSEL,0.5916666666666667
346,Saint-Pierre-et-Miquelon,Fabien ROUSSEL,0.73
347,Sarthe,Fabien ROUSSEL,2.306831683168317
348,Savoie,Fabien ROUSSEL,2.4147071129707114
349,Saône-et-Loire,Fabien ROUSSEL,2.434234354194407
350,Seine-Maritime,Fabien ROUSSEL,2.9534224201930215
351,Seine-Saint-Denis,Fabien ROUSSEL,2.1007673568818515
352,Tarn,Fabien ROUSSEL,2.236945010183299
353,Tarn-et-Garonne,Fabien ROUSSEL,2.6214915254237288
354,Territoire de Belfort,Fabien ROUSSEL,2.138079470198676
355,Val-d'Oise,Fabien ROUSSEL,1.8780617283950618
356,Val-de-Marne,Fabien ROUSSEL,2.6186459627329195
357,Var,Fabien ROUSSEL,1.809718918918919
358,Vaucluse,Fabien ROUSSEL,2.023333333333333
359,Vendée,Fabien ROUSSEL,1.9537337662337662
360,Vienne,Fabien ROUSSEL,2.805032967032967
361,Wallis et Futuna,Fabien ROUSSEL,0.63
362,Yonne,Fabien ROUSSEL,2.5568055555555556
363,Yvelines,Fabien ROUSSEL,1.6226640159045727
364,Ain,Emmanuel MACRON,26.561849315068496
365,Allier,Emmanuel MACRON,25.701769911504428
366,Alpes-de-Haute-Provence,Emmanuel MACRON,20.776030534351143
367,Ardennes,Emmanuel MACRON,23.98470483005367
368,Ardèche,Emmanuel MACRON,21.94029680365297
369,Ariège,Emmanuel MACRON,18.097380952380952
370,Aube,Emmanuel MACRON,24.537640449438204
371,Aude,Emmanuel MACRON,18.99986348122867
372,Aveyron,Emmanuel MACRON,26.919977168949774
373,Bas-Rhin,Emmanuel MACRON,29.98790628115653
374,Bouches-du-Rhône,Emmanuel MACRON,22.37371675053918
375,Calvados,Emmanuel MACRON,30.042039045553143
376,Cantal,Emmanuel MACRON,26.892047781569964
377,Charente,Emmanuel MACRON,26.665901960784314
378,Charente-Maritime,Emmanuel MACRON,27.665294871794874
379,Cher,Emmanuel MACRON,26.204141876430203
380,Corrèze,Emmanuel MACRON,21.634947916666665
381,Creuse,Emmanuel MACRON,21.936510791366906
382,Côte-d'Or,Emmanuel MACRON,26.50363436123348
383,Côtes-d'Armor,Emmanuel MACRON,30.1047786259542
384,Doubs,Emmanuel MACRON,26.35447820343461
385,Drôme,Emmanuel MACRON,23.636554621848738
386,Essonne,Emmanuel MACRON,27.034370786516853
387,Eure,Emmanuel MACRON,25.67362732919255
388,Eure-et-Loir,Emmanuel MACRON,26.392761732851987
389,Finistère,Emmanuel MACRON,31.776009615384616
390,Français établis hors de France,Emmanuel MACRON,41.54524038461538
391,Gard,Emmanuel MACRON,20.725251396648044
392,Gers,Emmanuel MACRON,23.967190569744595
393,Gironde,Emmanuel MACRON,27.56578647686833
394,Guadeloupe,Emmanuel MACRON,13.254714285714284
395,Guyane,Emmanuel MACRON,14.606165413533834
396,Haut-Rhin,Emmanuel MACRON,27.46240174672489
397,Haute-Corse,Emmanuel MACRON,18.67529230769231
398,Haute-Loire,Emmanuel MACRON,22.147376543209877
399,Haute-Marne,Emmanuel MACRON,22.753345195729537
400,Haute-Savoie,Emmanuel MACRON,30.049083850931677
401,Haute-Saône,Emmanuel MACRON,21.73441368078176
402,Haute-Vienne,Emmanuel MACRON,26.153862433862432
403,Hautes-Alpes,Emmanuel MACRON,22.84868932038835
404,Hautes-Pyrénées,Emmanuel MACRON,23.552790697674418
405,Hauts-de-Seine,Emmanuel MACRON,36.43383641674781
406,Hérault,Emmanuel MACRON,21.66322375397667
407,Ille-et-Vilaine,Emmanuel MACRON,34.2886013215859
408,Indre,Emmanuel MACRON,24.964233128834355
409,Indre-et-Loire,Emmanuel MACRON,30.215169340463458
410,Jura,Emmanuel MACRON,24.136791443850267
411,La Réunion,Emmanuel MACRON,17.609655913978493
412,Landes,Emmanuel MACRON,26.10611650485437
413,Loir-et-Cher,Emmanuel MACRON,27.2339641943734
414,Loiret,Emmanuel MACRON,27.88171686746988
415,Lot,Emmanuel MACRON,24.584173228346454
416,Lot-et-Garonne,Emmanuel MACRON,22.392204899777283
417,Lozère,Emmanuel MACRON,21.422074468085107
418,Maine-et-Loire,Emmanuel MACRON,34.78253602305476
419,Manche,Emmanuel MACRON,31.325631067961165
420,Marne,Emmanuel MACRON,27.798271752085817
421,Martinique,Emmanuel MACRON,16.10331325301205
422,Mayenne,Emmanuel MACRON,34.91370786516854
423,Mayotte,Emmanuel MACRON,16.11412087912088
424,Meurthe-et-Moselle,Emmanuel MACRON,25.64052406417112
425,Meuse,Emmanuel MACRON,24.311284722222222
426,Morbihan,Emmanuel MACRON,32.20798270893372
427,Moselle,Emmanuel MACRON,25.3307734375
428,Nièvre,Emmanuel MACRON,24.701702127659576
429,Nord,Emmanuel MACRON,25.641863136863137
430,Nouvelle-Calédonie,Emmanuel MACRON,31.293322033898306
431,Orne,Emmanuel MACRON,29.5197358490566
432,Puy-de-Dôme,Emmanuel MACRON,26.259163292847504
433,Pyrénées-Atlantiques,Emmanuel MACRON,25.994875
434,Pyrénées-Orientales,Emmanuel MACRON,19.94714583333333
435,Rhône,Emmanuel MACRON,29.99355353075171
436,Saint-Martin/Saint-Barthélemy,Emmanuel MACRON,25.20041666666667
437,Saint-Pierre-et-Miquelon,Emmanuel MACRON,19.6125
438,Sarthe,Emmanuel MACRON,27.213927392739272
439,Savoie,Emmanuel MACRON,25.417384937238495
440,Saône-et-Loire,Emmanuel MACRON,26.834980026631158
441,Seine-Maritime,Emmanuel MACRON,27.06247216035635
442,Seine-Saint-Denis,Emmanuel MACRON,20.105627283800246
443,Tarn,Emmanuel MACRON,22.571384928716903
444,Tarn-et-Garonne,Emmanuel MACRON,21.28891525423729
445,Territoire de Belfort,Emmanuel MACRON,23.60543046357616
446,Val-d'Oise,Emmanuel MACRON,25.800876543209874
447,Val-de-Marne,Emmanuel MACRON,28.346086956521738
448,Var,Emmanuel MACRON,23.650399999999998
449,Vaucluse,Emmanuel MACRON,22.005818540433925
450,Vendée,Emmanuel MACRON,35.02482142857143
451,Vienne,Emmanuel MACRON,28.108835164835167
452,Wallis et Futuna,Emmanuel MACRON,39.47
453,Yonne,Emmanuel MACRON,24.077083333333334
454,Yvelines,Emmanuel MACRON,32.72673956262425
455,Ain,Jean LASSALLE,3.642893835616438
456,Allier,Jean LASSALLE,4.744159292035398
457,Alpes-de-Haute-Provence,Jean LASSALLE,5.776374045801527
458,Ardennes,Jean LASSALLE,3.9591949910554565
459,Ardèche,Jean LASSALLE,5.315296803652968
460,Ariège,Jean LASSALLE,9.337671957671958
461,Aube,Jean LASSALLE,2.932059925093633
462,Aude,Jean LASSALLE,7.461877133105801
463,Aveyron,Jean LASSALLE,9.84095890410959
464,Bas-Rhin,Jean LASSALLE,2.744885343968096
465,Bouches-du-Rhône,Jean LASSALLE,2.387706685837527
466,Calvados,Jean LASSALLE,2.926822125813449
467,Cantal,Jean LASSALLE,9.443856655290103
468,Charente,Jean LASSALLE,5.104901960784313
469,Charente-Maritime,Jean LASSALLE,4.02401282051282
470,Cher,Jean LASSALLE,3.723203661327231
471,Corrèze,Jean LASSALLE,8.054140625
472,Creuse,Jean LASSALLE,7.426798561151079
473,Côte-d'Or,Jean LASSALLE,3.8655616740088106
474,Côtes-d'Armor,Jean LASSALLE,3.513709923664122
475,Doubs,Jean LASSALLE,4.124253632760898
476,Drôme,Jean LASSALLE,4.180773109243697
477,Essonne,Jean LASSALLE,1.9778539325842697
478,Eure,Jean LASSALLE,2.579304347826087
479,Eure-et-Loir,Jean LASSALLE,2.8164440433212996
480,Finistère,Jean LASSALLE,3.446394230769231
481,Français établis hors de France,Jean LASSALLE,1.4235096153846152
482,Gard,Jean LASSALLE,4.120893854748603
483,Gers,Jean LASSALLE,11.640098231827112
484,Gironde,Jean LASSALLE,4.745167259786477
485,Guadeloupe,Jean LASSALLE,0.7495
486,Guyane,Jean LASSALLE,1.365488721804511
487,Haut-Rhin,Jean LASSALLE,2.9661280931586607
488,Haute-Corse,Jean LASSALLE,13.974676923076924
489,Haute-Loire,Jean LASSALLE,7.068796296296296
490,Haute-Marne,Jean LASSALLE,4.353896797153024
491,Haute-Savoie,Jean LASSALLE,3.261863354037267
492,Haute-Saône,Jean LASSALLE,4.05342019543974
493,Haute-Vienne,Jean LASSALLE,5.486269841269841
494,Hautes-Alpes,Jean LASSALLE,5.321553398058253
495,Hautes-Pyrénées,Jean LASSALLE,14.076118067978534
496,Hauts-de-Seine,Jean LASSALLE,1.459240506329114
497,Hérault,Jean LASSALLE,3.922863202545069
498,Ille-et-Vilaine,Jean LASSALLE,2.4713105726872246
499,Indre,Jean LASSALLE,4.691257668711656
500,Indre-et-Loire,Jean LASSALLE,2.7910873440285204
501,Jura,Jean LASSALLE,5.205846702317291
502,La Réunion,Jean LASSALLE,1.3639354838709679
503,Landes,Jean LASSALLE,10.476796116504854
504,Loir-et-Cher,Jean LASSALLE,3.1546291560102304
505,Loiret,Jean LASSALLE,2.6822138554216868
506,Lot,Jean LASSALLE,8.22766404199475
507,Lot-et-Garonne,Jean LASSALLE,8.30456570155902
508,Lozère,Jean LASSALLE,11.758457446808512
509,Maine-et-Loire,Jean LASSALLE,2.6221613832853023
510,Manche,Jean LASSALLE,3.7272954230235786
511,Marne,Jean LASSALLE,3.2615017878426698
512,Martinique,Jean LASSALLE,0.9258734939759036
513,Mayenne,Jean LASSALLE,3.085955056179775
514,Mayotte,Jean LASSALLE,1.0173076923076922
515,Meurthe-et-Moselle,Jean LASSALLE,3.0719465240641712
516,Meuse,Jean LASSALLE,4.453576388888889
517,Morbihan,Jean LASSALLE,3.1661671469740638
518,Moselle,Jean LASSALLE,3.114390625
519,Nièvre,Jean LASSALLE,4.332074468085106
520,Nord,Jean LASSALLE,1.8523326673326672
521,Nouvelle-Calédonie,Jean LASSALLE,1.2006101694915254
522,Orne,Jean LASSALLE,3.7748301886792452
523,Puy-de-Dôme,Jean LASSALLE,5.644048582995951
524,Pyrénées-Atlantiques,Jean LASSALLE,15.225227272727274
525,Pyrénées-Orientales,Jean LASSALLE,5.207
526,Rhône,Jean LASSALLE,2.024844343204252
527,Saint-Martin/Saint-Barthélemy,Jean LASSALLE,2.3333333333333335
528,Saint-Pierre-et-Miquelon,Jean LASSALLE,4.02
529,Sarthe,Jean LASSALLE,2.7822772277227723
530,Savoie,Jean LASSALLE,3.6539748953974893
531,Saône-et-Loire,Jean LASSALLE,3.921664447403462
532,Seine-Maritime,Jean LASSALLE,2.2839049740163326
533,Seine-Saint-Denis,Jean LASSALLE,1.2602192448233862
534,Tarn,Jean LASSALLE,8.50470468431772
535,Tarn-et-Garonne,Jean LASSALLE,7.66342372881356
536,Territoire de Belfort,Jean LASSALLE,3.1427152317880798
537,Val-d'Oise,Jean LASSALLE,1.742395061728395
538,Val-de-Marne,Jean LASSALLE,1.5068198757763975
539,Var,Jean LASSALLE,3.0704324324324324
540,Vaucluse,Jean LASSALLE,3.348895463510848
541,Vendée,Jean LASSALLE,3.2437337662337664
542,Vienne,Jean LASSALLE,3.748483516483516
543,Wallis et Futuna,Jean LASSALLE,1.46
544,Yonne,Jean LASSALLE,3.339045138888889
545,Yvelines,Jean LASSALLE,1.9082803180914514
546,Ain,Marine LE PEN,26.778236301369862
547,Allier,Marine LE PEN,27.679778761061947
548,Alpes-de-Haute-Provence,Marine LE PEN,25.7230534351145
549,Ardennes,Marine LE PEN,36.943774597495526
550,Ardèche,Marine LE PEN,23.7874200913242
551,Ariège,Marine LE PEN,22.26415343915344
552,Aube,Marine LE PEN,36.05926966292135
553,Aude,Marine LE PEN,26.655972696245733
554,Aveyron,Marine LE PEN,20.176506849315068
555,Bas-Rhin,Marine LE PEN,26.832073778664007
556,Bouches-du-Rhône,Marine LE PEN,26.255801581595975
557,Calvados,Marine LE PEN,26.17198481561822
558,Cantal,Marine LE PEN,24.810887372013653
559,Charente,Marine LE PEN,27.361117647058823
560,Charente-Maritime,Marine LE PEN,27.075448717948717
561,Cher,Marine LE PEN,28.847940503432493
562,Corrèze,Marine LE PEN,21.508307291666668
563,Creuse,Marine LE PEN,25.04025179856115
564,Côte-d'Or,Marine LE PEN,27.247279735682817
565,Côtes-d'Armor,Marine LE PEN,22.382580152671757
566,Doubs,Marine LE PEN,26.246961690885072
567,Drôme,Marine LE PEN,22.49695798319328
568,Essonne,Marine LE PEN,18.200134831460677
569,Eure,Marine LE PEN,33.57850931677019
570,Eure-et-Loir,Marine LE PEN,30.03628158844765
571,Finistère,Marine LE PEN,18.66408653846154
572,Français établis hors de France,Marine LE PEN,5.943557692307692
573,Gard,Marine LE PEN,28.493379888268155
574,Gers,Marine LE PEN,22.330903732809432
575,Gironde,Marine LE PEN,22.967921708185052
576,Guadeloupe,Marine LE PEN,18.266714285714286
577,Guyane,Marine LE PEN,17.382556390977445
578,Haut-Rhin,Marine LE PEN,27.90324599708879
579,Haute-Corse,Marine LE PEN,23.238492307692308
580,Haute-Loire,Marine LE PEN,26.939660493827162
581,Haute-Marne,Marine LE PEN,37.13494661921708
582,Haute-Savoie,Marine LE PEN,20.866661490683228
583,Haute-Saône,Marine LE PEN,35.527263843648214
584,Haute-Vienne,Marine LE PEN,23.16375661375661
585,Hautes-Alpes,Marine LE PEN,22.204611650485436
586,Hautes-Pyrénées,Marine LE PEN,21.17257602862254
587,Hauts-de-Seine,Marine LE PEN,8.551781888997079
588,Hérault,Marine LE PEN,25.815227995758217
589,Ille-et-Vilaine,Marine LE PEN,18.112797356828192
590,Indre,Marine LE PEN,29.183036809815952
591,Indre-et-Loire,Marine LE PEN,22.948502673796792
592,Jura,Marine LE PEN,26.76139037433155
593,La Réunion,Marine LE PEN,24.985870967741935
594,Landes,Marine LE PEN,23.20176699029126
595,Loir-et-Cher,Marine LE PEN,28.875166240409207
596,Loiret,Marine LE PEN,27.61649096385542
597,Lot,Marine LE PEN,19.082020997375327
598,Lot-et-Garonne,Marine LE PEN,27.680668151447662
599,Lozère,Marine LE PEN,22.562074468085108
600,Maine-et-Loire,Marine LE PEN,21.578948126801155
601,Manche,Marine LE PEN,26.509472954230237
602,Marne,Marine LE PEN,33.105458879618595
603,Martinique,Marine LE PEN,13.943102409638554
604,Mayenne,Marine LE PEN,24.341404494382026
605,Mayotte,Marine LE PEN,43.82236263736264
606,Meurthe-et-Moselle,Marine LE PEN,30.53470588235294
607,Meuse,Marine LE PEN,35.97100694444444
608,Morbihan,Marine LE PEN,22.469250720461094
609,Moselle,Marine LE PEN,32.0720234375
610,Nièvre,Marine LE PEN,29.441755319148935
611,Nord,Marine LE PEN,30.404485514485515
612,Nouvelle-Calédonie,Marine LE PEN,13.194983050847458
613,Orne,Marine LE PEN,28.323
614,Puy-de-Dôme,Marine LE PEN,22.974345479082324
615,Pyrénées-Atlantiques,Marine LE PEN,17.815988636363635
616,Pyrénées-Orientales,Marine LE PEN,30.378520833333333
617,Rhône,Marine LE PEN,17.331351556567956
618,Saint-Martin/Saint-Barthélemy,Marine LE PEN,16.3625
619,Saint-Pierre-et-Miquelon,Marine LE PEN,18.725
620,Sarthe,Marine LE PEN,29.236353135313532
621,Savoie,Marine LE PEN,23.713933054393305
622,Saône-et-Loire,Marine LE PEN,27.38659121171771
623,Seine-Maritime,Marine LE PEN,30.07181143281366
624,Seine-Saint-Denis,Marine LE PEN,12.154531059683315
625,Tarn,Marine LE PEN,24.278696537678208
626,Tarn-et-Garonne,Marine LE PEN,28.507288135593218
627,Territoire de Belfort,Marine LE PEN,29.019999999999996
628,Val-d'Oise,Marine LE PEN,17.68461728395062
629,Val-de-Marne,Marine LE PEN,12.008136645962733
630,Var,Marine LE PEN,30.365924324324325
631,Vaucluse,Marine LE PEN,28.73
632,Vendée,Marine LE PEN,23.721477272727274
633,Vienne,Marine LE PEN,25.50446153846154
634,Wallis et Futuna,Marine LE PEN,10.8
635,Yonne,Marine LE PEN,31.58800347222222
636,Yvelines,Marine LE PEN,14.749065606361828
637,Ain,Éric ZEMMOUR,8.231301369863013
638,Allier,Éric ZEMMOUR,6.7527433628318585
639,Alpes-de-Haute-Provence,Éric ZEMMOUR,8.093244274809159
640,Ardennes,Éric ZEMMOUR,6.882987477638641
641,Ardèche,Éric ZEMMOUR,7.020091324200914
642,Ariège,Éric ZEMMOUR,5.921164021164021
643,Aube,Éric ZEMMOUR,7.836760299625468
644,Aude,Éric ZEMMOUR,7.93457337883959
645,Aveyron,Éric ZEMMOUR,5.964063926940638
646,Bas-Rhin,Éric ZEMMOUR,7.069920239282154
647,Bouches-du-Rhône,Éric ZEMMOUR,10.623321351545652
648,Calvados,Éric ZEMMOUR,6.116008676789588
649,Cantal,Éric ZEMMOUR,5.595733788395904
650,Charente,Éric ZEMMOUR,5.5614509803921575
651,Charente-Maritime,Éric ZEMMOUR,6.025410256410256
652,Cher,Éric ZEMMOUR,6.958169336384439
653,Corrèze,Éric ZEMMOUR,5.650104166666666
654,Creuse,Éric ZEMMOUR,5.334280575539569
655,Côte-d'Or,Éric ZEMMOUR,7.978876651982379
656,Côtes-d'Armor,Éric ZEMMOUR,4.641954198473282
657,Doubs,Éric ZEMMOUR,7.112298546895641
658,Drôme,Éric ZEMMOUR,7.247126050420168
659,Essonne,Éric ZEMMOUR,6.614213483146067
660,Eure,Éric ZEMMOUR,6.812111801242236
661,Eure-et-Loir,Éric ZEMMOUR,7.060902527075812
662,Finistère,Éric ZEMMOUR,4.671742788461538
663,Français établis hors de France,Éric ZEMMOUR,10.900096153846155
664,Gard,Éric ZEMMOUR,8.800307262569833
665,Gers,Éric ZEMMOUR,7.100628683693516
666,Gironde,Éric ZEMMOUR,6.552448398576513
667,Guadeloupe,Éric ZEMMOUR,2.0627142857142857
668,Guyane,Éric ZEMMOUR,3.9791729323308274
669,Haut-Rhin,Éric ZEMMOUR,7.890320232896651
670,Haute-Corse,Éric ZEMMOUR,11.521907692307693
671,Haute-Loire,Éric ZEMMOUR,6.511481481481481
672,Haute-Marne,Éric ZEMMOUR,6.834448398576512
673,Haute-Savoie,Éric ZEMMOUR,7.738462732919254
674,Haute-Saône,Éric ZEMMOUR,7.149185667752444
675,Haute-Vienne,Éric ZEMMOUR,5.211164021164021
676,Hautes-Alpes,Éric ZEMMOUR,6.902815533980583
677,Hautes-Pyrénées,Éric ZEMMOUR,5.639677996422182
678,Hauts-de-Seine,Éric ZEMMOUR,7.964751703992211
679,Hérault,Éric ZEMMOUR,8.904814422057264
680,Ille-et-Vilaine,Éric ZEMMOUR,4.595958149779736
681,Indre,Éric ZEMMOUR,6.547852760736196
682,Indre-et-Loire,Éric ZEMMOUR,6.103279857397505
683,Jura,Éric ZEMMOUR,6.514313725490196
684,La Réunion,Éric ZEMMOUR,3.666655913978494
685,Landes,Éric ZEMMOUR,6.313883495145631
686,Loir-et-Cher,Éric ZEMMOUR,7.1182608695652165
687,Loiret,Éric ZEMMOUR,7.032680722891566
688,Lot,Éric ZEMMOUR,5.350708661417323
689,Lot-et-Garonne,Éric ZEMMOUR,8.469398663697104
690,Lozère,Éric ZEMMOUR,6.729627659574469
691,Maine-et-Loire,Éric ZEMMOUR,4.938832853025937
692,Manche,Éric ZEMMOUR,5.064022191400832
693,Marne,Éric ZEMMOUR,7.210584028605483
694,Martinique,Éric ZEMMOUR,2.349698795180723
695,Mayenne,Éric ZEMMOUR,4.942640449438202
696,Mayotte,Éric ZEMMOUR,1.2393406593406593
697,Meurthe-et-Moselle,Éric ZEMMOUR,6.678096256684492
698,Meuse,Éric ZEMMOUR,7.342847222222222
699,Morbihan,Éric ZEMMOUR,5.623458213256484
700,Moselle,Éric ZEMMOUR,7.472242187499999
701,Nièvre,Éric ZEMMOUR,6.946648936170213
702,Nord,Éric ZEMMOUR,5.774395604395605
703,Nouvelle-Calédonie,Éric ZEMMOUR,5.932983050847458
704,Orne,Éric ZEMMOUR,6.6019056603773585
705,Puy-de-Dôme,Éric ZEMMOUR,5.703576248313091
706,Pyrénées-Atlantiques,Éric ZEMMOUR,5.9473068181818185
707,Pyrénées-Orientales,Éric ZEMMOUR,8.544041666666667
708,Rhône,Éric ZEMMOUR,8.058929384965833
709,Saint-Martin/Saint-Barthélemy,Éric ZEMMOUR,12.433750000000002
710,Saint-Pierre-et-Miquelon,Éric ZEMMOUR,2.5475
711,Sarthe,Éric ZEMMOUR,5.606765676567656
712,Savoie,Éric ZEMMOUR,7.170690376569038
713,Saône-et-Loire,Éric ZEMMOUR,6.988482023968043
714,Seine-Maritime,Éric ZEMMOUR,5.220809205642168
715,Seine-Saint-Denis,Éric ZEMMOUR,5.136345919610231
716,Tarn,Éric ZEMMOUR,6.836883910386965
717,Tarn-et-Garonne,Éric ZEMMOUR,8.053152542372882
718,Territoire de Belfort,Éric ZEMMOUR,8.056490066225166
719,Val-d'Oise,Éric ZEMMOUR,7.2057777777777785
720,Val-de-Marne,Éric ZEMMOUR,7.148260869565218
721,Var,Éric ZEMMOUR,13.142313513513512
722,Vaucluse,Éric ZEMMOUR,9.972090729783039
723,Vendée,Éric ZEMMOUR,6.103782467532468
724,Vienne,Éric ZEMMOUR,5.257142857142857
725,Wallis et Futuna,Éric ZEMMOUR,2.2
726,Yonne,Éric ZEMMOUR,7.407361111111111
727,Yvelines,Éric ZEMMOUR,8.441650099403578
728,Ain,Jean-Luc MÉLENCHON,17.10472602739726
729,Allier,Jean-Luc MÉLENCHON,16.215176991150443
730,Alpes-de-Haute-Provence,Jean-Luc MÉLENCHON,23.158358778625953
731,Ardennes,Jean-Luc MÉLENCHON,13.313828264758499
732,Ardèche,Jean-Luc MÉLENCHON,23.24568493150685
733,Ariège,Jean-Luc MÉLENCHON,28.0412962962963
734,Aube,Jean-Luc MÉLENCHON,11.69183520599251
735,Aude,Jean-Luc MÉLENCHON,22.288276450511948
736,Aveyron,Jean-Luc MÉLENCHON,18.723698630136987
737,Bas-Rhin,Jean-Luc MÉLENCHON,16.957278165503492
738,Bouches-du-Rhône,Jean-Luc MÉLENCHON,24.270905823148816
739,Calvados,Jean-Luc MÉLENCHON,17.458416485900216
740,Cantal,Jean-Luc MÉLENCHON,13.511535836177474
741,Charente,Jean-Luc MÉLENCHON,18.428254901960784
742,Charente-Maritime,Jean-Luc MÉLENCHON,17.695448717948718
743,Cher,Jean-Luc MÉLENCHON,16.77279176201373
744,Corrèze,Jean-Luc MÉLENCHON,19.773541666666667
745,Creuse,Jean-Luc MÉLENCHON,20.467805755395684
746,Côte-d'Or,Jean-Luc MÉLENCHON,16.791839207048458
747,Côtes-d'Armor,Jean-Luc MÉLENCHON,20.509068702290076
748,Doubs,Jean-Luc MÉLENCHON,17.374966974900925
749,Drôme,Jean-Luc MÉLENCHON,24.319815126050422
750,Essonne,Jean-Luc MÉLENCHON,28.35783146067416
751,Eure,Jean-Luc MÉLENCHON,16.018285714285714
752,Eure-et-Loir,Jean-Luc MÉLENCHON,16.539025270758124
753,Finistère,Jean-Luc MÉLENCHON,21.88676682692308
754,Français établis hors de France,Jean-Luc MÉLENCHON,23.291009615384613
755,Gard,Jean-Luc MÉLENCHON,22.439287709497208
756,Gers,Jean-Luc MÉLENCHON,17.586188605108056
757,Gironde,Jean-Luc MÉLENCHON,21.394085409252668
758,Guadeloupe,Jean-Luc MÉLENCHON,56.48252380952381
759,Guyane,Jean-Luc MÉLENCHON,51.43330827067669
760,Haut-Rhin,Jean-Luc MÉLENCHON,17.27524017467249
761,Haute-Corse,Jean-Luc MÉLENCHON,13.661107692307692
762,Haute-Loire,Jean-Luc MÉLENCHON,17.648734567901233
763,Haute-Marne,Jean-Luc MÉLENCHON,12.095302491103203
764,Haute-Savoie,Jean-Luc MÉLENCHON,18.423478260869565
765,Haute-Saône,Jean-Luc MÉLENCHON,14.37612377850163
766,Haute-Vienne,Jean-Luc MÉLENCHON,21.332275132275132
767,Hautes-Alpes,Jean-Luc MÉLENCHON,24.050776699029125
768,Hautes-Pyrénées,Jean-Luc MÉLENCHON,19.435903398926655
769,Hauts-de-Seine,Jean-Luc MÉLENCHON,26.614829600778968
770,Hérault,Jean-Luc MÉLENCHON,24.381919406150583
771,Ille-et-Vilaine,Jean-Luc MÉLENCHON,21.47943832599119
772,Indre,Jean-Luc MÉLENCHON,16.577944785276074
773,Indre-et-Loire,Jean-Luc MÉLENCHON,20.147237076648842
774,Jura,Jean-Luc MÉLENCHON,18.795240641711228
775,La Réunion,Jean-Luc MÉLENCHON,40.79406451612903
776,Landes,Jean-Luc MÉLENCHON,16.78188349514563
777,Loir-et-Cher,Jean-Luc MÉLENCHON,16.022531969309465
778,Loiret,Jean-Luc MÉLENCHON,17.81686746987952
779,Lot,Jean-Luc MÉLENCHON,23.9454593175853
780,Lot-et-Garonne,Jean-Luc MÉLENCHON,17.84383073496659
781,Lozère,Jean-Luc MÉLENCHON,19.222393617021275
782,Maine-et-Loire,Jean-Luc MÉLENCHON,17.848314121037465
783,Manche,Jean-Luc MÉLENCHON,15.590804438280166
784,Marne,Jean-Luc MÉLENCHON,12.61736591179976
785,Martinique,Jean-Luc MÉLENCHON,53.31373493975904
786,Mayenne,Jean-Luc MÉLENCHON,14.758960674157303
787,Mayotte,Jean-Luc MÉLENCHON,23.329780219780222
788,Meurthe-et-Moselle,Jean-Luc MÉLENCHON,18.338866310160427
789,Meuse,Jean-Luc MÉLENCHON,12.38796875
790,Morbihan,Jean-Luc MÉLENCHON,18.240994236311238
791,Moselle,Jean-Luc MÉLENCHON,17.543734375
792,Nièvre,Jean-Luc MÉLENCHON,16.899760638297874
793,Nord,Jean-Luc MÉLENCHON,21.600909090909088
794,Nouvelle-Calédonie,Jean-Luc MÉLENCHON,32.57084745762712
795,Orne,Jean-Luc MÉLENCHON,14.256924528301887
796,Puy-de-Dôme,Jean-Luc MÉLENCHON,20.05255060728745
797,Pyrénées-Atlantiques,Jean-Luc MÉLENCHON,18.12240909090909
798,Pyrénées-Orientales,Jean-Luc MÉLENCHON,21.2125625
799,Rhône,Jean-Luc MÉLENCHON,25.2607668944571
800,Saint-Martin/Saint-Barthélemy,Jean-Luc MÉLENCHON,30.474166666666665
801,Saint-Pierre-et-Miquelon,Jean-Luc MÉLENCHON,39.545
802,Sarthe,Jean-Luc MÉLENCHON,17.472854785478546
803,Savoie,Jean-Luc MÉLENCHON,19.99466527196653
804,Saône-et-Loire,Jean-Luc MÉLENCHON,17.047842876165113
805,Seine-Maritime,Jean-Luc MÉLENCHON,19.7428285077951
806,Seine-Saint-Denis,Jean-Luc MÉLENCHON,49.34158343483557
807,Tarn,Jean-Luc MÉLENCHON,21.256374745417514
808,Tarn-et-Garonne,Jean-Luc MÉLENCHON,18.570101694915255
809,Territoire de Belfort,Jean-Luc MÉLENCHON,19.262052980132452
810,Val-d'Oise,Jean-Luc MÉLENCHON,32.836913580246915
811,Val-de-Marne,Jean-Luc MÉLENCHON,33.812260869565215
812,Var,Jean-Luc MÉLENCHON,15.351967567567566
813,Vaucluse,Jean-Luc MÉLENCHON,21.346055226824458
814,Vendée,Jean-Luc MÉLENCHON,14.482613636363638
815,Vienne,Jean-Luc MÉLENCHON,20.10991208791209
816,Wallis et Futuna,Jean-Luc MÉLENCHON,9.35
817,Yonne,Jean-Luc MÉLENCHON,16.609114583333334
818,Yvelines,Jean-Luc MÉLENCHON,23.248767395626242
819,Ain,Anne HIDALGO,1.774058219178082
820,Allier,Anne HIDALGO,1.6585619469026547
821,Alpes-de-Haute-Provence,Anne HIDALGO,1.3895038167938931
822,Ardennes,Anne HIDALGO,1.17608228980322
823,Ardèche,Anne HIDALGO,2.135205479452055
824,Ariège,Anne HIDALGO,3.588121693121693
825,Aube,Anne HIDALGO,0.9823595505617978
826,Aude,Anne HIDALGO,3.387269624573379
827,Aveyron,Anne HIDALGO,2.4560958904109587
828,Bas-Rhin,Anne HIDALGO,1.419122632103689
829,Bouches-du-Rhône,Anne HIDALGO,1.1554780733285406
830,Calvados,Anne HIDALGO,1.6051084598698482
831,Cantal,Anne HIDALGO,1.8020819112627986
832,Charente,Anne HIDALGO,1.9682156862745097
833,Charente-Maritime,Anne HIDALGO,1.7770256410256409
834,Cher,Anne HIDALGO,1.4529977116704806
835,Corrèze,Anne HIDALGO,2.4966145833333333
836,Creuse,Anne HIDALGO,2.1373381294964027
837,Côte-d'Or,Anne HIDALGO,1.6821916299559472
838,Côtes-d'Armor,Anne HIDALGO,2.27375572519084
839,Doubs,Anne HIDALGO,1.6516116248348744
840,Drôme,Anne HIDALGO,1.8596974789915965
841,Essonne,Anne HIDALGO,1.311820224719101
842,Eure,Anne HIDALGO,1.164745341614907
843,Eure-et-Loir,Anne HIDALGO,1.2773104693140793
844,Finistère,Anne HIDALGO,2.4104447115384615
845,Français établis hors de France,Anne HIDALGO,2.2064903846153845
846,Gard,Anne HIDALGO,1.6925977653631286
847,Gers,Anne HIDALGO,3.133398821218075
848,Gironde,Anne HIDALGO,2.1724982206405694
849,Guadeloupe,Anne HIDALGO,1.6684999999999999
850,Guyane,Anne HIDALGO,1.3493233082706768
851,Haut-Rhin,Anne HIDALGO,1.2366521106259099
852,Haute-Corse,Anne HIDALGO,1.217323076923077
853,Haute-Loire,Anne HIDALGO,1.6067283950617286
854,Haute-Marne,Anne HIDALGO,1.4013523131672596
855,Haute-Savoie,Anne HIDALGO,1.5298447204968944
856,Haute-Saône,Anne HIDALGO,1.6841368078175896
857,Haute-Vienne,Anne HIDALGO,2.711269841269841
858,Hautes-Alpes,Anne HIDALGO,1.5808252427184466
859,Hautes-Pyrénées,Anne HIDALGO,2.678407871198569
860,Hauts-de-Seine,Anne HIDALGO,1.3561733203505355
861,Hérault,Anne HIDALGO,2.082439024390244
862,Ille-et-Vilaine,Anne HIDALGO,2.2629845814977974
863,Indre,Anne HIDALGO,1.9033128834355828
864,Indre-et-Loire,Anne HIDALGO,1.7958288770053477
865,Jura,Anne HIDALGO,1.6948484848484848
866,La Réunion,Anne HIDALGO,1.5721612903225806
867,Landes,Anne HIDALGO,3.759359223300971
868,Loir-et-Cher,Anne HIDALGO,1.5891815856777494
869,Loiret,Anne HIDALGO,1.5167168674698797
870,Lot,Anne HIDALGO,2.402020997375328
871,Lot-et-Garonne,Anne HIDALGO,1.7524053452115813
872,Lozère,Anne HIDALGO,1.9196808510638297
873,Maine-et-Loire,Anne HIDALGO,1.9145533141210376
874,Manche,Anne HIDALGO,1.852413314840499
875,Marne,Anne HIDALGO,1.101859356376639
876,Martinique,Anne HIDALGO,3.0745180722891567
877,Mayenne,Anne HIDALGO,1.8753370786516854
878,Mayotte,Anne HIDALGO,0.9306043956043957
879,Meurthe-et-Moselle,Anne HIDALGO,1.6714438502673796
880,Meuse,Anne HIDALGO,1.321267361111111
881,Morbihan,Anne HIDALGO,1.7625072046109511
882,Moselle,Anne HIDALGO,1.3768515625
883,Nièvre,Anne HIDALGO,1.7241755319148935
884,Nord,Anne HIDALGO,1.3867332667332666
885,Nouvelle-Calédonie,Anne HIDALGO,2.1196949152542377
886,Orne,Anne HIDALGO,1.3737358490566038
887,Puy-de-Dôme,Anne HIDALGO,2.2605802968960864
888,Pyrénées-Atlantiques,Anne HIDALGO,2.284534090909091
889,Pyrénées-Orientales,Anne HIDALGO,2.015645833333333
890,Rhône,Anne HIDALGO,1.7156719817767654
891,Saint-Martin/Saint-Barthélemy,Anne HIDALGO,1.0633333333333332
892,Saint-Pierre-et-Miquelon,Anne HIDALGO,3.0749999999999997
893,Sarthe,Anne HIDALGO,1.7076897689768975
894,Savoie,Anne HIDALGO,1.7710041841004183
895,Saône-et-Loire,Anne HIDALGO,1.9430892143808256
896,Seine-Maritime,Anne HIDALGO,1.6415293244246472
897,Seine-Saint-Denis,Anne HIDALGO,1.0454080389768574
898,Tarn,Anne HIDALGO,2.474867617107943
899,Tarn-et-Garonne,Anne HIDALGO,2.037322033898305
900,Territoire de Belfort,Anne HIDALGO,1.5247019867549667
901,Val-d'Oise,Anne HIDALGO,1.1279629629629628
902,Val-de-Marne,Anne HIDALGO,1.381503105590062
903,Var,Anne HIDALGO,0.9450918918918919
904,Vaucluse,Anne HIDALGO,1.2308086785009862
905,Vendée,Anne HIDALGO,1.7171103896103896
906,Vienne,Anne HIDALGO,1.816087912087912
907,Wallis et Futuna,Anne HIDALGO,2.2
908,Yonne,Anne HIDALGO,1.266388888888889
909,Yvelines,Anne HIDALGO,1.2075844930417494
910,Ain,Yannick JADOT,4.691729452054794
911,Allier,Yannick JADOT,3.0382743362831857
912,Alpes-de-Haute-Provence,Yannick JADOT,4.093931297709923
913,Ardennes,Yannick JADOT,2.367495527728086
914,Ardèche,Yannick JADOT,4.375821917808219
915,Ariège,Yannick JADOT,3.7564021164021164
916,Aube,Yannick JADOT,2.848089887640449
917,Aude,Yannick JADOT,3.3344709897610922
918,Aveyron,Yannick JADOT,3.720525114155251
919,Bas-Rhin,Yannick JADOT,4.791006979062812
920,Bouches-du-Rhône,Yannick JADOT,4.078116462976276
921,Calvados,Yannick JADOT,4.637310195227766
922,Cantal,Yannick JADOT,2.6983617747440274
923,Charente,Yannick JADOT,3.5727450980392157
924,Charente-Maritime,Yannick JADOT,4.339153846153846
925,Cher,Yannick JADOT,2.978192219679634
926,Corrèze,Yannick JADOT,3.4740104166666668
927,Creuse,Yannick JADOT,2.785107913669065
928,Côte-d'Or,Yannick JADOT,4.165
929,Côtes-d'Armor,Yannick JADOT,5.045145038167939
930,Doubs,Yannick JADOT,4.4016908850726555
931,Drôme,Yannick JADOT,5.086252100840336
932,Essonne,Yannick JADOT,4.818393258426966
933,Eure,Yannick JADOT,3.443751552795031
934,Eure-et-Loir,Yannick JADOT,3.35528880866426
935,Finistère,Yannick JADOT,6.049122596153846
936,Français établis hors de France,Yannick JADOT,6.863461538461538
937,Gard,Yannick JADOT,3.7028491620111734
938,Gers,Yannick JADOT,3.3180746561886054
939,Gironde,Yannick JADOT,4.823985765124555
940,Guadeloupe,Yannick JADOT,1.2892380952380953
941,Guyane,Yannick JADOT,2.311278195488722
942,Haut-Rhin,Yannick JADOT,4.85688500727802
943,Haute-Corse,Yannick JADOT,3.7239692307692307
944,Haute-Loire,Yannick JADOT,3.825864197530864
945,Haute-Marne,Yannick JADOT,2.566690391459075
946,Haute-Savoie,Yannick JADOT,6.921475155279504
947,Haute-Saône,Yannick JADOT,3.126775244299674
948,Haute-Vienne,Yannick JADOT,3.5815343915343916
949,Hautes-Alpes,Yannick JADOT,5.540873786407768
950,Hautes-Pyrénées,Yannick JADOT,3.5616279069767445
951,Hauts-de-Seine,Yannick JADOT,5.978373904576436
952,Hérault,Yannick JADOT,4.361569459172853
953,Ille-et-Vilaine,Yannick JADOT,6.816046255506608
954,Indre,Yannick JADOT,2.8393865030674847
955,Indre-et-Loire,Yannick JADOT,4.7820677361853825
956,Jura,Yannick JADOT,4.359696969696969
957,La Réunion,Yannick JADOT,2.191505376344086
958,Landes,Yannick JADOT,3.0220582524271844
959,Loir-et-Cher,Yannick JADOT,3.724194373401535
960,Loiret,Yannick JADOT,3.8788855421686748
961,Lot,Yannick JADOT,4.079553805774278
962,Lot-et-Garonne,Yannick JADOT,2.987683741648107
963,Lozère,Yannick JADOT,3.3276595744680852
964,Maine-et-Loire,Yannick JADOT,5.78685878962536
965,Manche,Yannick JADOT,3.8678224687933422
966,Marne,Yannick JADOT,2.9935995232419548
967,Martinique,Yannick JADOT,1.4752710843373495
968,Mayenne,Yannick JADOT,4.449438202247191
969,Mayotte,Yannick JADOT,0.8146153846153845
970,Meurthe-et-Moselle,Yannick JADOT,3.7363743315508025
971,Meuse,Yannick JADOT,2.964027777777778
972,Morbihan,Yannick JADOT,5.596109510086455
973,Moselle,Yannick JADOT,3.425578125
974,Nièvre,Yannick JADOT,3.0137500000000004
975,Nord,Yannick JADOT,3.453991008991009
976,Nouvelle-Calédonie,Yannick JADOT,2.118983050847458
977,Orne,Yannick JADOT,3.5857547169811324
978,Puy-de-Dôme,Yannick JADOT,4.3741295546558705
979,Pyrénées-Atlantiques,Yannick JADOT,4.367784090909091
980,Pyrénées-Orientales,Yannick JADOT,3.3697500000000002
981,Rhône,Yannick JADOT,5.493424449506454
982,Saint-Martin/Saint-Barthélemy,Yannick JADOT,2.6058333333333334
983,Saint-Pierre-et-Miquelon,Yannick JADOT,4.1725
984,Sarthe,Yannick JADOT,4.278267326732673
985,Savoie,Yannick JADOT,6.198891213389122
986,Saône-et-Loire,Yannick JADOT,3.6828761651131825
987,Seine-Maritime,Yannick JADOT,3.510772086117298
988,Seine-Saint-Denis,Yannick JADOT,3.3039098660170527
989,Tarn,Yannick JADOT,3.663523421588595
990,Tarn-et-Garonne,Yannick JADOT,3.1275593220338984
991,Territoire de Belfort,Yannick JADOT,4.045364238410596
992,Val-d'Oise,Yannick JADOT,3.853641975308642
993,Val-de-Marne,Yannick JADOT,5.206583850931677
994,Var,Yannick JADOT,3.502172972972973
995,Vaucluse,Yannick JADOT,4.094536489151873
996,Vendée,Yannick JADOT,4.595178571428572
997,Vienne,Yannick JADOT,4.154131868131868
998,Wallis et Futuna,Yannick JADOT,1.34
999,Yonne,Yannick JADOT,3.283888888888889
1000,Yvelines,Yannick JADOT,5.324174950298211
1001,Ain,Valérie PÉCRESSE,5.296421232876712
1002,Allier,Valérie PÉCRESSE,5.7088053097345135
1003,Alpes-de-Haute-Provence,Valérie PÉCRESSE,3.9523282442748093
1004,Ardennes,Valérie PÉCRESSE,5.172307692307693
1005,Ardèche,Valérie PÉCRESSE,5.045890410958904
1006,Ariège,Valérie PÉCRESSE,2.8878835978835977
1007,Aube,Valérie PÉCRESSE,6.878052434456929
1008,Aude,Valérie PÉCRESSE,3.4834641638225254
1009,Aveyron,Valérie PÉCRESSE,6.105799086757991
1010,Bas-Rhin,Valérie PÉCRESSE,4.416739780658026
1011,Bouches-du-Rhône,Valérie PÉCRESSE,3.503235082674335
1012,Calvados,Valérie PÉCRESSE,4.905216919739696
1013,Cantal,Valérie PÉCRESSE,9.472286689419796
1014,Charente,Valérie PÉCRESSE,4.450019607843138
1015,Charente-Maritime,Valérie PÉCRESSE,4.847282051282051
1016,Cher,Valérie PÉCRESSE,5.461899313501144
1017,Corrèze,Valérie PÉCRESSE,9.10015625
1018,Creuse,Valérie PÉCRESSE,7.098057553956835
1019,Côte-d'Or,Valérie PÉCRESSE,5.418028634361233
1020,Côtes-d'Armor,Valérie PÉCRESSE,4.704045801526718
1021,Doubs,Valérie PÉCRESSE,6.063408190224571
1022,Drôme,Valérie PÉCRESSE,4.465529411764705
1023,Essonne,Valérie PÉCRESSE,5.621539325842697
1024,Eure,Valérie PÉCRESSE,4.568335403726707
1025,Eure-et-Loir,Valérie PÉCRESSE,6.49927797833935
1026,Finistère,Valérie PÉCRESSE,4.817079326923077
1027,Français établis hors de France,Valérie PÉCRESSE,4.712596153846154
1028,Gard,Valérie PÉCRESSE,3.5767039106145253
1029,Gers,Valérie PÉCRESSE,4.730471512770137
1030,Gironde,Valérie PÉCRESSE,4.16514590747331
1031,Guadeloupe,Valérie PÉCRESSE,2.8460714285714284
1032,Guyane,Valérie PÉCRESSE,2.5373684210526313
1033,Haut-Rhin,Valérie PÉCRESSE,4.128617176128094
1034,Haute-Corse,Valérie PÉCRESSE,6.958923076923077
1035,Haute-Loire,Valérie PÉCRESSE,7.58003086419753
1036,Haute-Marne,Valérie PÉCRESSE,6.2510320284697505
1037,Haute-Savoie,Valérie PÉCRESSE,5.1805900621118015
1038,Haute-Saône,Valérie PÉCRESSE,5.505374592833877
1039,Haute-Vienne,Valérie PÉCRESSE,4.721587301587301
1040,Hautes-Alpes,Valérie PÉCRESSE,5.03364077669903
1041,Hautes-Pyrénées,Valérie PÉCRESSE,3.307531305903399
1042,Hauts-de-Seine,Valérie PÉCRESSE,7.835696202531646
1043,Hérault,Valérie PÉCRESSE,3.621898197242842
1044,Ille-et-Vilaine,Valérie PÉCRESSE,4.423546255506608
1045,Indre,Valérie PÉCRESSE,5.7975460122699385
1046,Indre-et-Loire,Valérie PÉCRESSE,4.873155080213904
1047,Jura,Valérie PÉCRESSE,5.566114081996435
1048,La Réunion,Valérie PÉCRESSE,2.7189139784946237
1049,Landes,Valérie PÉCRESSE,3.9740970873786408
1050,Loir-et-Cher,Valérie PÉCRESSE,5.5816624040920715
1051,Loiret,Valérie PÉCRESSE,5.614412650602409
1052,Lot,Valérie PÉCRESSE,5.388713910761155
1053,Lot-et-Garonne,Valérie PÉCRESSE,4.324855233853007
1054,Lozère,Valérie PÉCRESSE,6.594946808510638
1055,Maine-et-Loire,Valérie PÉCRESSE,4.903746397694524
1056,Manche,Valérie PÉCRESSE,5.379459084604716
1057,Marne,Valérie PÉCRESSE,6.283122765196663
1058,Martinique,Valérie PÉCRESSE,3.8165963855421685
1059,Mayenne,Valérie PÉCRESSE,5.714185393258427
1060,Mayotte,Valérie PÉCRESSE,8.346153846153847
1061,Meurthe-et-Moselle,Valérie PÉCRESSE,4.1715935828877
1062,Meuse,Valérie PÉCRESSE,5.0449826388888885
1063,Morbihan,Valérie PÉCRESSE,4.785619596541786
1064,Moselle,Valérie PÉCRESSE,3.832515625
1065,Nièvre,Valérie PÉCRESSE,5.306808510638297
1066,Nord,Valérie PÉCRESSE,3.3153396603396605
1067,Nouvelle-Calédonie,Valérie PÉCRESSE,5.484949152542373
1068,Orne,Valérie PÉCRESSE,6.108396226415094
1069,Puy-de-Dôme,Valérie PÉCRESSE,5.109203778677463
1070,Pyrénées-Atlantiques,Valérie PÉCRESSE,4.192363636363637
1071,Pyrénées-Orientales,Valérie PÉCRESSE,3.1435416666666667
1072,Rhône,Valérie PÉCRESSE,5.43784358390281
1073,Saint-Martin/Saint-Barthélemy,Valérie PÉCRESSE,3.9941666666666666
1074,Saint-Pierre-et-Miquelon,Valérie PÉCRESSE,1.935
1075,Sarthe,Valérie PÉCRESSE,5.489603960396039
1076,Savoie,Valérie PÉCRESSE,5.540690376569037
1077,Saône-et-Loire,Valérie PÉCRESSE,5.443355525965379
1078,Seine-Maritime,Valérie PÉCRESSE,3.8764291017074983
1079,Seine-Saint-Denis,Valérie PÉCRESSE,3.228392204628502
1080,Tarn,Valérie PÉCRESSE,4.481364562118126
1081,Tarn-et-Garonne,Valérie PÉCRESSE,4.483050847457627
1082,Territoire de Belfort,Valérie PÉCRESSE,4.70682119205298
1083,Val-d'Oise,Valérie PÉCRESSE,5.035555555555556
1084,Val-de-Marne,Valérie PÉCRESSE,5.3036397515527955
1085,Var,Valérie PÉCRESSE,4.654756756756757
1086,Vaucluse,Valérie PÉCRESSE,3.9201183431952664
1087,Vendée,Valérie PÉCRESSE,5.306558441558442
1088,Vienne,Valérie PÉCRESSE,4.391406593406593
1089,Wallis et Futuna,Valérie PÉCRESSE,25.27
1090,Yonne,Valérie PÉCRESSE,5.551944444444445
1091,Yvelines,Valérie PÉCRESSE,7.9711630218687874
1092,Ain,Philippe POUTOU,0.7091609589041096
1093,Allier,Philippe POUTOU,0.8544469026548672
1094,Alpes-de-Haute-Provence,Philippe POUTOU,0.9902290076335878
1095,Ardennes,Philippe POUTOU,0.8005008944543829
1096,Ardèche,Philippe POUTOU,0.9869178082191781
1097,Ariège,Philippe POUTOU,0.8910317460317461
1098,Aube,Philippe POUTOU,0.7115730337078652
1099,Aude,Philippe POUTOU,0.9654607508532423
1100,Aveyron,Philippe POUTOU,0.8251826484018265
1101,Bas-Rhin,Philippe POUTOU,0.7344167497507478
1102,Bouches-du-Rhône,Philippe POUTOU,0.5941337167505392
1103,Calvados,Philippe POUTOU,1.0362581344902386
1104,Cantal,Philippe POUTOU,0.7065529010238908
1105,Charente,Philippe POUTOU,0.9623333333333334
1106,Charente-Maritime,Philippe POUTOU,0.9056282051282051
1107,Cher,Philippe POUTOU,0.9642791762013729
1108,Corrèze,Philippe POUTOU,0.908203125
1109,Creuse,Philippe POUTOU,1.075431654676259
1110,Côte-d'Or,Philippe POUTOU,0.875374449339207
1111,Côtes-d'Armor,Philippe POUTOU,1.1434809160305344
1112,Doubs,Philippe POUTOU,0.8922853368560106
1113,Drôme,Philippe POUTOU,0.8843529411764707
1114,Essonne,Philippe POUTOU,0.7344831460674158
1115,Eure,Philippe POUTOU,0.8642360248447205
1116,Eure-et-Loir,Philippe POUTOU,0.8300361010830325
1117,Finistère,Philippe POUTOU,1.1726802884615384
1118,Français établis hors de France,Philippe POUTOU,0.6377884615384615
1119,Gard,Philippe POUTOU,0.7201675977653631
1120,Gers,Philippe POUTOU,0.6810019646365423
1121,Gironde,Philippe POUTOU,0.9756797153024911
1122,Guadeloupe,Philippe POUTOU,0.5171428571428571
1123,Guyane,Philippe POUTOU,1.3517293233082708
1124,Haut-Rhin,Philippe POUTOU,0.7501310043668122
1125,Haute-Corse,Philippe POUTOU,1.0839692307692308
1126,Haute-Loire,Philippe POUTOU,0.8698456790123457
1127,Haute-Marne,Philippe POUTOU,0.7613523131672598
1128,Haute-Savoie,Philippe POUTOU,0.7722049689440994
1129,Haute-Saône,Philippe POUTOU,1.0092833876221499
1130,Haute-Vienne,Philippe POUTOU,0.9376455026455026
1131,Hautes-Alpes,Philippe POUTOU,0.9222330097087378
1132,Hautes-Pyrénées,Philippe POUTOU,0.8729516994633274
1133,Hauts-de-Seine,Philippe POUTOU,0.48913339824732227
1134,Hérault,Philippe POUTOU,0.7228419936373277
1135,Ille-et-Vilaine,Philippe POUTOU,0.9109251101321586
1136,Indre,Philippe POUTOU,1.0038036809815951
1137,Indre-et-Loire,Philippe POUTOU,0.9285739750445632
1138,Jura,Philippe POUTOU,0.9299286987522283
1139,La Réunion,Philippe POUTOU,0.7880645161290323
1140,Landes,Philippe POUTOU,0.7890679611650485
1141,Loir-et-Cher,Philippe POUTOU,0.8824296675191815
1142,Loiret,Philippe POUTOU,0.7287048192771085
1143,Lot,Philippe POUTOU,0.9398162729658792
1144,Lot-et-Garonne,Philippe POUTOU,0.8152338530066816
1145,Lozère,Philippe POUTOU,0.9282446808510638
1146,Maine-et-Loire,Philippe POUTOU,0.8568155619596541
1147,Manche,Philippe POUTOU,0.9564216366158115
1148,Marne,Philippe POUTOU,0.682026221692491
1149,Martinique,Philippe POUTOU,0.7881626506024096
1150,Mayenne,Philippe POUTOU,0.8339887640449437
1151,Mayotte,Philippe POUTOU,0.9835164835164835
1152,Meurthe-et-Moselle,Philippe POUTOU,0.9453475935828877
1153,Meuse,Philippe POUTOU,0.8544791666666667
1154,Morbihan,Philippe POUTOU,0.9545821325648415
1155,Moselle,Philippe POUTOU,0.8305781250000001
1156,Nièvre,Philippe POUTOU,1.004122340425532
1157,Nord,Philippe POUTOU,0.647987012987013
1158,Nouvelle-Calédonie,Philippe POUTOU,1.2909830508474578
1159,Orne,Philippe POUTOU,0.9309433962264151
1160,Puy-de-Dôme,Philippe POUTOU,0.9329149797570849
1161,Pyrénées-Atlantiques,Philippe POUTOU,1.320375
1162,Pyrénées-Orientales,Philippe POUTOU,0.8852916666666667
1163,Rhône,Philippe POUTOU,0.588694001518603
1164,Saint-Martin/Saint-Barthélemy,Philippe POUTOU,0.6887500000000001
1165,Saint-Pierre-et-Miquelon,Philippe POUTOU,1.6925
1166,Sarthe,Philippe POUTOU,0.8838118811881188
1167,Savoie,Philippe POUTOU,0.8186401673640168
1168,Saône-et-Loire,Philippe POUTOU,0.8131291611185086
1169,Seine-Maritime,Philippe POUTOU,0.8678099480326652
1170,Seine-Saint-Denis,Philippe POUTOU,0.6584774665042631
1171,Tarn,Philippe POUTOU,0.86989816700611
1172,Tarn-et-Garonne,Philippe POUTOU,0.7484406779661017
1173,Territoire de Belfort,Philippe POUTOU,0.923046357615894
1174,Val-d'Oise,Philippe POUTOU,0.6529259259259259
1175,Val-de-Marne,Philippe POUTOU,0.6433291925465838
1176,Var,Philippe POUTOU,0.6062378378378378
1177,Vaucluse,Philippe POUTOU,0.6701183431952663
1178,Vendée,Philippe POUTOU,0.8932792207792207
1179,Vienne,Philippe POUTOU,1.022175824175824
1180,Wallis et Futuna,Philippe POUTOU,0.9
1181,Yonne,Philippe POUTOU,0.8075
1182,Yvelines,Philippe POUTOU,0.5664612326043738
1183,Ain,Nicolas DUPONT-AIGNAN,2.821130136986301
1184,Allier,Nicolas DUPONT-AIGNAN,2.350464601769912
1185,Alpes-de-Haute-Provence,Nicolas DUPONT-AIGNAN,2.630152671755725
1186,Ardennes,Nicolas DUPONT-AIGNAN,2.5990339892665473
1187,Ardèche,Nicolas DUPONT-AIGNAN,2.49351598173516
1188,Ariège,Nicolas DUPONT-AIGNAN,1.8092857142857142
1189,Aube,Nicolas DUPONT-AIGNAN,2.955112359550562
1190,Aude,Nicolas DUPONT-AIGNAN,2.260085324232082
1191,Aveyron,Nicolas DUPONT-AIGNAN,2.108538812785388
1192,Bas-Rhin,Nicolas DUPONT-AIGNAN,3.165762711864407
1193,Bouches-du-Rhône,Nicolas DUPONT-AIGNAN,1.9766858375269591
1194,Calvados,Nicolas DUPONT-AIGNAN,2.2394577006507594
1195,Cantal,Nicolas DUPONT-AIGNAN,1.9127986348122867
1196,Charente,Nicolas DUPONT-AIGNAN,2.411490196078431
1197,Charente-Maritime,Nicolas DUPONT-AIGNAN,2.4492820512820512
1198,Cher,Nicolas DUPONT-AIGNAN,2.384141876430206
1199,Corrèze,Nicolas DUPONT-AIGNAN,1.8931510416666668
1200,Creuse,Nicolas DUPONT-AIGNAN,2.4014388489208636
1201,Côte-d'Or,Nicolas DUPONT-AIGNAN,2.68920704845815
1202,Côtes-d'Armor,Nicolas DUPONT-AIGNAN,1.7691603053435114
1203,Doubs,Nicolas DUPONT-AIGNAN,3.2832232496697493
1204,Drôme,Nicolas DUPONT-AIGNAN,2.6408571428571426
1205,Essonne,Nicolas DUPONT-AIGNAN,2.569561797752809
1206,Eure,Nicolas DUPONT-AIGNAN,2.531552795031056
1207,Eure-et-Loir,Nicolas DUPONT-AIGNAN,2.682509025270758
1208,Finistère,Nicolas DUPONT-AIGNAN,1.5792067307692308
1209,Français établis hors de France,Nicolas DUPONT-AIGNAN,1.4126923076923075
1210,Gard,Nicolas DUPONT-AIGNAN,1.964608938547486
1211,Gers,Nicolas DUPONT-AIGNAN,2.278133595284872
1212,Gironde,Nicolas DUPONT-AIGNAN,1.7905765124555157
1213,Guadeloupe,Nicolas DUPONT-AIGNAN,1.5340238095238095
1214,Guyane,Nicolas DUPONT-AIGNAN,1.9724812030075185
1215,Haut-Rhin,Nicolas DUPONT-AIGNAN,3.7444541484716156
1216,Haute-Corse,Nicolas DUPONT-AIGNAN,1.6962461538461537
1217,Haute-Loire,Nicolas DUPONT-AIGNAN,2.4918518518518518
1218,Haute-Marne,Nicolas DUPONT-AIGNAN,3.2669928825622776
1219,Haute-Savoie,Nicolas DUPONT-AIGNAN,3.3854968944099384
1220,Haute-Saône,Nicolas DUPONT-AIGNAN,2.941905537459283
1221,Haute-Vienne,Nicolas DUPONT-AIGNAN,1.8875132275132276
1222,Hautes-Alpes,Nicolas DUPONT-AIGNAN,2.5605339805825245
1223,Hautes-Pyrénées,Nicolas DUPONT-AIGNAN,1.8930232558139535
1224,Hauts-de-Seine,Nicolas DUPONT-AIGNAN,1.260282375851996
1225,Hérault,Nicolas DUPONT-AIGNAN,1.833711558854719
1226,Ille-et-Vilaine,Nicolas DUPONT-AIGNAN,1.839977973568282
1227,Indre,Nicolas DUPONT-AIGNAN,2.5306441717791412
1228,Indre-et-Loire,Nicolas DUPONT-AIGNAN,2.29379679144385
1229,Jura,Nicolas DUPONT-AIGNAN,3.182905525846702
1230,La Réunion,Nicolas DUPONT-AIGNAN,2.3652903225806448
1231,Landes,Nicolas DUPONT-AIGNAN,1.8704077669902912
1232,Loir-et-Cher,Nicolas DUPONT-AIGNAN,2.544066496163683
1233,Loiret,Nicolas DUPONT-AIGNAN,2.4238102409638556
1234,Lot,Nicolas DUPONT-AIGNAN,2.2549343832021
1235,Lot-et-Garonne,Nicolas DUPONT-AIGNAN,2.2702672605790646
1236,Lozère,Nicolas DUPONT-AIGNAN,2.119095744680851
1237,Maine-et-Loire,Nicolas DUPONT-AIGNAN,2.1805619596541788
1238,Manche,Nicolas DUPONT-AIGNAN,2.4961858529819696
1239,Marne,Nicolas DUPONT-AIGNAN,2.5647794994040525
1240,Martinique,Nicolas DUPONT-AIGNAN,2.3725
1241,Mayenne,Nicolas DUPONT-AIGNAN,2.439494382022472
1242,Mayotte,Nicolas DUPONT-AIGNAN,1.523021978021978
1243,Meurthe-et-Moselle,Nicolas DUPONT-AIGNAN,2.288245989304813
1244,Meuse,Nicolas DUPONT-AIGNAN,2.7811979166666667
1245,Morbihan,Nicolas DUPONT-AIGNAN,2.0713112391930837
1246,Moselle,Nicolas DUPONT-AIGNAN,2.6953515625
1247,Nièvre,Nicolas DUPONT-AIGNAN,2.389335106382979
1248,Nord,Nicolas DUPONT-AIGNAN,1.6728521478521479
1249,Nouvelle-Calédonie,Nicolas DUPONT-AIGNAN,2.9450847457627116
1250,Orne,Nicolas DUPONT-AIGNAN,2.7327169811320755
1251,Puy-de-Dôme,Nicolas DUPONT-AIGNAN,2.099527665317139
1252,Pyrénées-Atlantiques,Nicolas DUPONT-AIGNAN,1.6940454545454546
1253,Pyrénées-Orientales,Nicolas DUPONT-AIGNAN,1.9801041666666668
1254,Rhône,Nicolas DUPONT-AIGNAN,1.886765375854214
1255,Saint-Martin/Saint-Barthélemy,Nicolas DUPONT-AIGNAN,3.6991666666666667
1256,Saint-Pierre-et-Miquelon,Nicolas DUPONT-AIGNAN,3.205
1257,Sarthe,Nicolas DUPONT-AIGNAN,2.3065181518151814
1258,Savoie,Nicolas DUPONT-AIGNAN,2.7942050209205025
1259,Saône-et-Loire,Nicolas DUPONT-AIGNAN,2.8061118508655123
1260,Seine-Maritime,Nicolas DUPONT-AIGNAN,2.0531997030438007
1261,Seine-Saint-Denis,Nicolas DUPONT-AIGNAN,1.1646041412911083
1262,Tarn,Nicolas DUPONT-AIGNAN,2.3200610997963342
1263,Tarn-et-Garonne,Nicolas DUPONT-AIGNAN,2.464
1264,Territoire de Belfort,Nicolas DUPONT-AIGNAN,2.7358278145695367
1265,Val-d'Oise,Nicolas DUPONT-AIGNAN,1.725074074074074
1266,Val-de-Marne,Nicolas DUPONT-AIGNAN,1.5884720496894411
1267,Var,Nicolas DUPONT-AIGNAN,2.548216216216216
1268,Vaucluse,Nicolas DUPONT-AIGNAN,2.250138067061144
1269,Vendée,Nicolas DUPONT-AIGNAN,2.326964285714286
1270,Vienne,Nicolas DUPONT-AIGNAN,2.3227032967032963
1271,Wallis et Futuna,Nicolas DUPONT-AIGNAN,4.55
1272,Yonne,Nicolas DUPONT-AIGNAN,2.7805555555555554
1273,Yvelines,Nicolas DUPONT-AIGNAN,1.839821073558648
